channel,model,track,val_auc,test_auc
1l2tau,gnn,Run 2,0.9099829466098946,0.9165939794424557
1l2tau,gnn,Run 3,0.9208257492633694,0.9200327910806365
1l2tau,gnn,Combined,0.9226850787469726,0.922803848625737
