channel,model,track,val_auc,test_auc
1l2tau,mlp,Run 2,0.9431779947347594,0.9480519462186618
1l2tau,mlp,Run 3,0.9490095157311991,0.9514937253503427
1l2tau,mlp,Combined,0.9493185478481715,0.9487679146815302
