channel,model,track,val_auc,test_auc
2l2tau,dnn,Run 2,0.9747980937744434,0.9720808374284273
2l2tau,dnn,Run 3,0.9819161280098316,0.9781424876323466
2l2tau,dnn,Combined,0.9788233361039111,0.9773465713763771
