channel,model,track,val_auc,test_auc
2l2tau,xgboost,Run 2,0.9666377732623039,0.9666377732623039
2l2tau,xgboost,Run 3,0.9707208991691201,0.9707208991691201
2l2tau,xgboost,Combined,0.9713100471177188,0.9713100471177188
