channel,model,track,val_auc,test_auc
2l2tau,xgboost,Run 2,0.9730377338460579,0.973965507937972
2l2tau,xgboost,Run 3,0.9773576639976301,0.9735170953478576
2l2tau,xgboost,Combined,0.9718984964261909,0.9732372808673625
